{
  "indexing": {
    "runs": 5,
    "pages": 50,
    "time_mean_s": 0.059413473600216093,
    "time_runs_s": [
      0.05670001799990132,
      0.0599742590002279,
      0.05722413500006951,
      0.06016334500054654,
      0.0630056110003352
    ],
    "pages_per_second": 841.5599521489372,
    "mem_peak_bytes_mean": 3098193.2
  },
  "queries": {
    "life": {
      "iterations": 200,
      "p50_ms": 0.2697180007089628,
      "p95_ms": 0.38040699837438297,
      "mean_ms": 0.2874870149844355
    },
    "albert einstein": {
      "iterations": 200,
      "p50_ms": 1.4189839994287468,
      "p95_ms": 1.959852999789291,
      "mean_ms": 1.4824107750609983
    },
    "good novel": {
      "iterations": 200,
      "p50_ms": 1.6379110002162633,
      "p95_ms": 2.2894840003573336,
      "mean_ms": 1.7171499950109137
    },
    "miracle": {
      "iterations": 200,
      "p50_ms": 0.25598200045351405,
      "p95_ms": 0.3411430006963201,
      "mean_ms": 0.27014533009605657
    },
    "this term does not exist": {
      "iterations": 200,
      "p50_ms": 13.628362999952515,
      "p95_ms": 16.7619569983799,
      "mean_ms": 14.087458295043689
    }
  }
}